{
  "urls": [
    "build/sprite.mp3"
  ],
  "sprite": {
    "0": [
      0,
      936.0090702947846
    ],
    "1": [
      2000,
      648.0045351473924
    ],
    "2": [
      30000,
      719.9999999999989
    ],
    "3": [
      61000,
      828.004535147393
    ],
    "4": [
      92000,
      828.0045351473859
    ],
    "5": [
      96000,
      864.0136054421816
    ],
    "6": [
      98000,
      1044.0136054421741
    ],
    "7": [
      101000,
      900.0000000000057
    ],
    "8": [
      103000,
      756.0090702947804
    ],
    "9": [
      105000,
      792.0181405895761
    ],
    "10": [
      4000,
      792.0181405895689
    ],
    "11": [
      6000,
      864.0136054421772
    ],
    "12": [
      8000,
      864.0136054421763
    ],
    "13": [
      10000,
      1044.0136054421778
    ],
    "14": [
      13000,
      1116.009070294785
    ],
    "15": [
      16000,
      1079.9999999999982
    ],
    "16": [
      19000,
      1116.0090702947834
    ],
    "17": [
      22000,
      1224.0136054421775
    ],
    "18": [
      25000,
      972.0181405895687
    ],
    "19": [
      27000,
      1008.0045351473927
    ],
    "20": [
      32000,
      936.0090702947872
    ],
    "21": [
      34000,
      1116.0090702947869
    ],
    "22": [
      37000,
      1188.0045351473925
    ],
    "23": [
      40000,
      1188.0045351473925
    ],
    "24": [
      43000,
      1152.0181405895685
    ],
    "25": [
      46000,
      1296.0090702947866
    ],
    "26": [
      49000,
      1332.0181405895682
    ],
    "27": [
      52000,
      1259.999999999998
    ],
    "28": [
      55000,
      1259.999999999998
    ],
    "29": [
      58000,
      1259.999999999998
    ],
    "30": [
      63000,
      864.0136054421746
    ],
    "31": [
      65000,
      1224.013605442181
    ],
    "32": [
      68000,
      1260.000000000005
    ],
    "33": [
      71000,
      1188.0045351473855
    ],
    "34": [
      74000,
      1224.013605442181
    ],
    "35": [
      77000,
      1296.0090702947866
    ],
    "36": [
      80000,
      1332.0181405895682
    ],
    "37": [
      83000,
      1260.000000000005
    ],
    "38": [
      86000,
      1296.0090702947866
    ],
    "39": [
      89000,
      1332.0181405895682
    ],
    "40": [
      94000,
      936.0090702947872
    ],
    "alex-to-serve": [
      107000,
      1368.0045351473923
    ],
    "alex-won-the-game": [
      110000,
      1620.0000000000045
    ],
    "ash-to-serve": [
      113000,
      1224.013605442181
    ],
    "ash-won-the-game": [
      116000,
      1620.0000000000045
    ],
    "danny-to-serve": [
      119000,
      1296.0090702947866
    ],
    "danny-won-the-game": [
      122000,
      1692.0181405895676
    ],
    "game-point-alex": [
      125000,
      1620.0000000000045
    ],
    "game-point-ash": [
      128000,
      1404.0136054421737
    ],
    "game-point-danny": [
      131000,
      1872.0181405895744
    ],
    "game-point-guest": [
      134000,
      1908.0045351473984
    ],
    "game-point-jack": [
      137000,
      1872.0181405895744
    ],
    "game-point-joe": [
      140000,
      1620.0000000000045
    ],
    "game-point-mike": [
      143000,
      1404.0136054421737
    ],
    "game-point-oli": [
      146000,
      1800.0000000000114
    ],
    "game-point-steve": [
      149000,
      1439.9999999999977
    ],
    "game-point-tom": [
      152000,
      1404.0136054421737
    ],
    "game-point-vashti": [
      155000,
      2088.0045351474055
    ],
    "game_end": [
      159000,
      2038.616780045345
    ],
    "game_point": [
      163000,
      1332.0181405895823
    ],
    "guest-to-serve": [
      166000,
      1259.999999999991
    ],
    "guest-won-the-game": [
      169000,
      1439.9999999999977
    ],
    "jack-to-serve": [
      172000,
      1224.0136054421669
    ],
    "jack-won-the-game": [
      175000,
      1476.0090702947934
    ],
    "joe-to-serve": [
      178000,
      1188.0045351473996
    ],
    "joe-won-the-game": [
      181000,
      1584.0136054421805
    ],
    "mike-to-serve": [
      184000,
      1116.0090702947798
    ],
    "mike-won-the-game": [
      187000,
      1656.0090702947718
    ],
    "next_point_wins": [
      190000,
      23459.02494331065
    ],
    "oli-to-serve": [
      215000,
      1188.0045351473996
    ],
    "oli-won-the-game": [
      218000,
      1476.0090702947934
    ],
    "steve-to-serve": [
      221000,
      1439.9999999999977
    ],
    "steve-won-the-game": [
      224000,
      1620.0000000000045
    ],
    "tom-to-serve": [
      227000,
      1259.999999999991
    ],
    "tom-won-the-game": [
      230000,
      1512.0181405895607
    ],
    "vashti-to-serve": [
      233000,
      1439.9999999999977
    ],
    "vashti-won-the-game": [
      236000,
      1728.0045351473916
    ],
    "scored": [
      239000,
      846.4172335600892
    ]
  }
}