{
  "urls": [
    "build/sprite.mp3"
  ],
  "sprite": {
    "0": [
      0,
      936.0090702947846
    ],
    "1": [
      2000,
      648.0045351473924
    ],
    "2": [
      30000,
      719.9999999999989
    ],
    "3": [
      61000,
      828.004535147393
    ],
    "4": [
      92000,
      828.0045351473859
    ],
    "5": [
      96000,
      864.0136054421816
    ],
    "6": [
      98000,
      1044.0136054421741
    ],
    "7": [
      101000,
      900.0000000000057
    ],
    "8": [
      103000,
      756.0090702947804
    ],
    "9": [
      105000,
      792.0181405895761
    ],
    "10": [
      4000,
      792.0181405895689
    ],
    "11": [
      6000,
      864.0136054421772
    ],
    "12": [
      8000,
      864.0136054421763
    ],
    "13": [
      10000,
      1044.0136054421778
    ],
    "14": [
      13000,
      1116.009070294785
    ],
    "15": [
      16000,
      1079.9999999999982
    ],
    "16": [
      19000,
      1116.0090702947834
    ],
    "17": [
      22000,
      1224.0136054421775
    ],
    "18": [
      25000,
      972.0181405895687
    ],
    "19": [
      27000,
      1008.0045351473927
    ],
    "20": [
      32000,
      936.0090702947872
    ],
    "21": [
      34000,
      1116.0090702947869
    ],
    "22": [
      37000,
      1188.0045351473925
    ],
    "23": [
      40000,
      1188.0045351473925
    ],
    "24": [
      43000,
      1152.0181405895685
    ],
    "25": [
      46000,
      1296.0090702947866
    ],
    "26": [
      49000,
      1332.0181405895682
    ],
    "27": [
      52000,
      1259.999999999998
    ],
    "28": [
      55000,
      1259.999999999998
    ],
    "29": [
      58000,
      1259.999999999998
    ],
    "30": [
      63000,
      864.0136054421746
    ],
    "31": [
      65000,
      1224.013605442181
    ],
    "32": [
      68000,
      1260.000000000005
    ],
    "33": [
      71000,
      1188.0045351473855
    ],
    "34": [
      74000,
      1224.013605442181
    ],
    "35": [
      77000,
      1296.0090702947866
    ],
    "36": [
      80000,
      1332.0181405895682
    ],
    "37": [
      83000,
      1260.000000000005
    ],
    "38": [
      86000,
      1296.0090702947866
    ],
    "39": [
      89000,
      1332.0181405895682
    ],
    "40": [
      94000,
      936.0090702947872
    ],
    "alex": [
      107000,
      1044.0136054421741
    ],
    "ash": [
      110000,
      864.0136054421816
    ],
    "game_end": [
      112000,
      2038.616780045345
    ],
    "game_point": [
      116000,
      1332.0181405895682
    ],
    "mike": [
      119000,
      828.0045351473859
    ],
    "next_point_wins": [
      121000,
      23459.02494331065
    ],
    "oli": [
      146000,
      756.0090702947946
    ],
    "steve": [
      148000,
      900.0000000000057
    ],
    "switch_server": [
      150000,
      1880.8163265306064
    ],
    "to_serve": [
      153000,
      900.0000000000057
    ],
    "tom": [
      155000,
      756.0090702947946
    ],
    "won_the_game": [
      157000,
      1152.0181405895755
    ],
    "scored": [
      160000,
      846.4172335600892
    ]
  }
}